{
	"id": "098a0c17-2d40-4cec-99a0-63f065aceeac",
	"name": "Remote Environment (Production)",
	"values": [
		{
			"key": "BASE_URL",
			"value": "https://sc-backend-prod.herokuapp.com/api",
			"description": {
				"content": "",
				"type": "text/plain"
			},
			"enabled": true
		},
		{
			"key": "ACCESS_TOKEN",
			"value": null,
			"description": {
				"content": "",
				"type": "text/plain"
			},
			"enabled": true
		},
		{
			"key": "REFRESH_TOKEN",
			"value": null,
			"description": {
				"content": "",
				"type": "text/plain"
			},
			"enabled": true
		}
	],
	"_postman_variable_scope": "environment",
	"_postman_exported_at": "2021-12-12T06:54:22.325Z",
	"_postman_exported_using": "Postman/9.4.0-211210-1540"
}