{
	"id": "f1070eea-7646-451d-bd99-40fb0543e240",
	"name": "Remote Environment (Development)",
	"values": [
		{
			"key": "BASE_URL",
			"value": "https://sc-backend-dev.herokuapp.com/api",
			"enabled": true
		},
		{
			"key": "ACCESS_TOKEN",
			"value": "",
			"enabled": true
		},
		{
			"key": "REFRESH_TOKEN",
			"value": "",
			"enabled": true
		}
	],
	"_postman_variable_scope": "environment",
	"_postman_exported_at": "2021-12-12T06:54:17.185Z",
	"_postman_exported_using": "Postman/9.4.0-211210-1540"
}