{
	"info": {
		"_postman_id": "4f012df5-15f6-4087-a839-0b9a6c18aebe",
		"name": "Admin API",
		"description": "Club admin API",
		"schema": "https://schema.getpostman.com/json/collection/v2.1.0/collection.json"
	},
	"item": [
		{
			"name": "Fetch profile info",
			"request": {
				"auth": {
					"type": "bearer",
					"bearer": [
						{
							"key": "token",
							"value": "{{ACCESS_TOKEN}}",
							"type": "string"
						}
					]
				},
				"method": "GET",
				"header": [],
				"url": {
					"raw": "{{BASE_URL}}/admin/profile",
					"host": [
						"{{BASE_URL}}"
					],
					"path": [
						"admin",
						"profile"
					]
				},
				"description": "Fetches the complete club profile from an officer user."
			},
			"response": []
		},
		{
			"name": "Edit profile info",
			"request": {
				"auth": {
					"type": "bearer",
					"bearer": [
						{
							"key": "token",
							"value": "{{ACCESS_TOKEN}}",
							"type": "string"
						}
					]
				},
				"method": "POST",
				"header": [
					{
						"key": "Content-Type",
						"name": "Content-Type",
						"value": "application/json",
						"type": "text"
					}
				],
				"body": {
					"mode": "raw",
					"raw": "{\n    \"is_reactivating\": false,\n    \"name\": \"Vulcan Fan Club\",\n    \"tags\": [1, 3, 4],\n    \"app_required\": true,\n    \"new_members\": false,\n    \"about_us\": \"This is a test\",\n    \"get_involved\": \"This is a test\",\n    \"apply_deadline_end\": \"null\",\n    \"apply_link\": \"https://www.apply-here-now.com\",\n    \"social_media_links\": {\n        \"contact_email\": \"tejashah88@gmail.com\",\n        \"website\": null,\n        \"facebook\": null,\n        \"instagram\": null,\n        \"linkedin\": null,\n        \"twitter\": null,\n        \"youtube\": null,\n        \"github\": null,\n        \"behance\": null,\n        \"medium\": null,\n        \"gcalendar\": null\n    }\n}"
				},
				"url": {
					"raw": "{{BASE_URL}}/admin/profile",
					"host": [
						"{{BASE_URL}}"
					],
					"path": [
						"admin",
						"profile"
					]
				},
				"description": "Edits the club profile."
			},
			"response": []
		},
		{
			"name": "Change password",
			"request": {
				"auth": {
					"type": "bearer",
					"bearer": [
						{
							"key": "token",
							"value": "{{ACCESS_TOKEN}}",
							"type": "string"
						}
					]
				},
				"method": "POST",
				"header": [
					{
						"key": "Content-Type",
						"name": "Content-Type",
						"value": "application/json",
						"type": "text"
					}
				],
				"body": {
					"mode": "raw",
					"raw": "{\n\t\"old_password\": \"test123456\",\n\t\"new_password\": \"test123456!\"\n}"
				},
				"url": {
					"raw": "{{BASE_URL}}/admin/change-password",
					"host": [
						"{{BASE_URL}}"
					],
					"path": [
						"admin",
						"change-password"
					]
				},
				"description": "Changes the current user's password without revoking all the access and refresh tokens."
			},
			"response": []
		},
		{
			"name": "Upload Logo",
			"request": {
				"auth": {
					"type": "bearer",
					"bearer": [
						{
							"key": "token",
							"value": "{{ACCESS_TOKEN}}",
							"type": "string"
						}
					]
				},
				"method": "POST",
				"header": [],
				"body": {
					"mode": "formdata",
					"formdata": [
						{
							"key": "logo",
							"type": "file",
							"src": []
						}
					]
				},
				"url": {
					"raw": "{{BASE_URL}}/admin/upload-logo",
					"host": [
						"{{BASE_URL}}"
					],
					"path": [
						"admin",
						"upload-logo"
					]
				},
				"description": "Replaces the current club's logo with a new one. Logos must respect a 1:1 aspect ratio (with a 5% deviation allowed). A 2 MB limit is imposed as well."
			},
			"response": []
		},
		{
			"name": "Upload Banner",
			"request": {
				"auth": {
					"type": "bearer",
					"bearer": [
						{
							"key": "token",
							"value": "{{ACCESS_TOKEN}}",
							"type": "string"
						}
					]
				},
				"method": "POST",
				"header": [],
				"body": {
					"mode": "formdata",
					"formdata": [
						{
							"key": "banner",
							"type": "file",
							"src": []
						}
					]
				},
				"url": {
					"raw": "{{BASE_URL}}/admin/upload-banner",
					"host": [
						"{{BASE_URL}}"
					],
					"path": [
						"admin",
						"upload-banner"
					]
				},
				"description": "Replaces the current club's banner with a new one. Banners must respect a 10:3 aspect ratio (with a 5% deviation allowed). A 2 MB limit is imposed as well."
			},
			"response": []
		},
		{
			"name": "Fetch gallery pictures",
			"request": {
				"auth": {
					"type": "bearer",
					"bearer": [
						{
							"key": "token",
							"value": "{{ACCESS_TOKEN}}",
							"type": "string"
						}
					]
				},
				"method": "GET",
				"header": [
					{
						"key": "Content-Type",
						"name": "Content-Type",
						"value": "application/json",
						"type": "text"
					}
				],
				"url": {
					"raw": "{{BASE_URL}}/admin/gallery-media",
					"host": [
						"{{BASE_URL}}"
					],
					"path": [
						"admin",
						"gallery-media"
					]
				},
				"description": "Fetches all gallery pictures' metadata from a club."
			},
			"response": []
		},
		{
			"name": "Add gallery picture",
			"request": {
				"auth": {
					"type": "bearer",
					"bearer": [
						{
							"key": "token",
							"value": "{{ACCESS_TOKEN}}",
							"type": "string"
						}
					]
				},
				"method": "POST",
				"header": [
					{
						"key": "Content-Type",
						"name": "Content-Type",
						"value": "application/json",
						"type": "text"
					}
				],
				"body": {
					"mode": "formdata",
					"formdata": [
						{
							"key": "photo",
							"type": "file",
							"src": []
						}
					]
				},
				"url": {
					"raw": "{{BASE_URL}}/admin/gallery-media/photo",
					"host": [
						"{{BASE_URL}}"
					],
					"path": [
						"admin",
						"gallery-media",
						"photo"
					]
				},
				"description": "Adds a new gallery picture to the club with an image upload and a caption."
			},
			"response": []
		},
		{
			"name": "Update gallery picture",
			"request": {
				"auth": {
					"type": "bearer",
					"bearer": [
						{
							"key": "token",
							"value": "{{ACCESS_TOKEN}}",
							"type": "string"
						}
					]
				},
				"method": "PUT",
				"header": [
					{
						"key": "Content-Type",
						"name": "Content-Type",
						"value": "application/json",
						"type": "text"
					}
				],
				"body": {
					"mode": "formdata",
					"formdata": [
						{
							"key": "photo",
							"type": "file",
							"src": []
						}
					]
				},
				"url": {
					"raw": "{{BASE_URL}}/admin/gallery-media/photo",
					"host": [
						"{{BASE_URL}}"
					],
					"path": [
						"admin",
						"gallery-media",
						"photo"
					]
				},
				"description": "Either replace an existing gallery picture, change the image's caption or do both at the same time."
			},
			"response": []
		},
		{
			"name": "Delete gallery picture",
			"request": {
				"auth": {
					"type": "bearer",
					"bearer": [
						{
							"key": "token",
							"value": "{{ACCESS_TOKEN}}",
							"type": "string"
						}
					]
				},
				"method": "DELETE",
				"header": [
					{
						"key": "Content-Type",
						"name": "Content-Type",
						"value": "application/json",
						"type": "text"
					}
				],
				"url": {
					"raw": "{{BASE_URL}}/admin/gallery-media/photo",
					"host": [
						"{{BASE_URL}}"
					],
					"path": [
						"admin",
						"gallery-media",
						"photo"
					]
				},
				"description": "Deletes an existing gallery picture."
			},
			"response": []
		},
		{
			"name": "Get resources",
			"request": {
				"auth": {
					"type": "bearer",
					"bearer": [
						{
							"key": "token",
							"value": "{{ACCESS_TOKEN}}",
							"type": "string"
						}
					]
				},
				"method": "GET",
				"header": [
					{
						"key": "Content-Type",
						"name": "Content-Type",
						"value": "application/json",
						"type": "text"
					}
				],
				"url": {
					"raw": "{{BASE_URL}}/admin/resources",
					"host": [
						"{{BASE_URL}}"
					],
					"path": [
						"admin",
						"resources"
					]
				},
				"description": "Fetches all the resource links from a club."
			},
			"response": []
		},
		{
			"name": "Add resource",
			"request": {
				"auth": {
					"type": "bearer",
					"bearer": [
						{
							"key": "token",
							"value": "{{ACCESS_TOKEN}}",
							"type": "string"
						}
					]
				},
				"method": "POST",
				"header": [
					{
						"key": "Content-Type",
						"name": "Content-Type",
						"value": "application/json",
						"type": "text"
					}
				],
				"body": {
					"mode": "raw",
					"raw": "{\n\t\"name\": \"Example Resource 1\",\n\t\"link\": \"http://example.com/\"\n}"
				},
				"url": {
					"raw": "{{BASE_URL}}/admin/resources",
					"host": [
						"{{BASE_URL}}"
					],
					"path": [
						"admin",
						"resources"
					]
				},
				"description": "Adds a new resource link to the club profile."
			},
			"response": []
		},
		{
			"name": "Update resource",
			"request": {
				"auth": {
					"type": "bearer",
					"bearer": [
						{
							"key": "token",
							"value": "{{ACCESS_TOKEN}}",
							"type": "string"
						}
					]
				},
				"method": "PUT",
				"header": [
					{
						"key": "Content-Type",
						"name": "Content-Type",
						"type": "text",
						"value": "application/json"
					}
				],
				"body": {
					"mode": "raw",
					"raw": "{\n\t\"name\": \"Example Resource 9000\",\n\t\"link\": \"http://example.lol.com/\"\n}"
				},
				"url": {
					"raw": "{{BASE_URL}}/admin/resources/example-resource-1",
					"host": [
						"{{BASE_URL}}"
					],
					"path": [
						"admin",
						"resources",
						"example-resource-1"
					]
				},
				"description": "Updates an existing resource link."
			},
			"response": []
		},
		{
			"name": "Delete resource",
			"request": {
				"auth": {
					"type": "bearer",
					"bearer": [
						{
							"key": "token",
							"value": "{{ACCESS_TOKEN}}",
							"type": "string"
						}
					]
				},
				"method": "DELETE",
				"header": [],
				"url": {
					"raw": "{{BASE_URL}}/admin/resources/example-resource-1",
					"host": [
						"{{BASE_URL}}"
					],
					"path": [
						"admin",
						"resources",
						"example-resource-1"
					]
				},
				"description": "Deletes an existing resource link."
			},
			"response": []
		},
		{
			"name": "Fetch events",
			"request": {
				"auth": {
					"type": "bearer",
					"bearer": [
						{
							"key": "token",
							"value": "{{ACCESS_TOKEN}}",
							"type": "string"
						}
					]
				},
				"method": "GET",
				"header": [
					{
						"key": "Content-Type",
						"name": "Content-Type",
						"type": "text",
						"value": "application/json"
					}
				],
				"url": {
					"raw": "{{BASE_URL}}/admin/events",
					"host": [
						"{{BASE_URL}}"
					],
					"path": [
						"admin",
						"events"
					]
				},
				"description": "Fetches all events from the club profile."
			},
			"response": []
		},
		{
			"name": "Add event",
			"request": {
				"auth": {
					"type": "bearer",
					"bearer": [
						{
							"key": "token",
							"value": "{{ACCESS_TOKEN}}",
							"type": "string"
						}
					]
				},
				"method": "POST",
				"header": [
					{
						"key": "Content-Type",
						"name": "Content-Type",
						"type": "text",
						"value": "application/json"
					}
				],
				"body": {
					"mode": "raw",
					"raw": "{\n\t\"name\": \"Example event 1\",\n\t\"link\": \"http://example.com/\",\n    \"event_start\": \"2020-04-01T07:00:00.000-07:00\",\n    \"event_end\": \"2020-08-01T07:00:00.000-07:00\",\n    \"description\": \"This is something about the event.\"\n}"
				},
				"url": {
					"raw": "{{BASE_URL}}/admin/events",
					"host": [
						"{{BASE_URL}}"
					],
					"path": [
						"admin",
						"events"
					]
				},
				"description": "Adds a new event."
			},
			"response": []
		},
		{
			"name": "Update event",
			"request": {
				"auth": {
					"type": "bearer",
					"bearer": [
						{
							"key": "token",
							"value": "{{ACCESS_TOKEN}}",
							"type": "string"
						}
					]
				},
				"method": "PUT",
				"header": [
					{
						"key": "Content-Type",
						"name": "Content-Type",
						"type": "text",
						"value": "application/json"
					}
				],
				"body": {
					"mode": "raw",
					"raw": "{\n\t\"name\": \"Example event 9001\",\n\t\"link\": \"http://example.lololol.com/\",\n    \"event_start\": \"2020-04-01T07:00:00.000Z\",\n    \"event_end\": \"2020-08-01T07:00:00.000Z\",\n    \"description\": \"This is something about the brand new event at Varrick Industries.\"\n}"
				},
				"url": {
					"raw": "{{BASE_URL}}/admin/events/example-event-1",
					"host": [
						"{{BASE_URL}}"
					],
					"path": [
						"admin",
						"events",
						"example-event-1"
					]
				},
				"description": "Updates an existing event."
			},
			"response": []
		},
		{
			"name": "Delete event",
			"request": {
				"auth": {
					"type": "bearer",
					"bearer": [
						{
							"key": "token",
							"value": "{{ACCESS_TOKEN}}",
							"type": "string"
						}
					]
				},
				"method": "DELETE",
				"header": [],
				"url": {
					"raw": "{{BASE_URL}}/admin/events/example-event-1",
					"host": [
						"{{BASE_URL}}"
					],
					"path": [
						"admin",
						"events",
						"example-event-1"
					]
				},
				"description": "Deletes an existing event."
			},
			"response": []
		},
		{
			"name": "Fetch recruiting events",
			"request": {
				"auth": {
					"type": "bearer",
					"bearer": [
						{
							"key": "token",
							"value": "{{ACCESS_TOKEN}}",
							"type": "string"
						}
					]
				},
				"method": "GET",
				"header": [
					{
						"key": "Content-Type",
						"name": "Content-Type",
						"type": "text",
						"value": "application/json"
					}
				],
				"url": {
					"raw": "{{BASE_URL}}/admin/recruiting-events",
					"host": [
						"{{BASE_URL}}"
					],
					"path": [
						"admin",
						"recruiting-events"
					]
				},
				"description": "Fetches all recruiting events from the club profile."
			},
			"response": []
		},
		{
			"name": "Add recruiting event",
			"request": {
				"auth": {
					"type": "bearer",
					"bearer": [
						{
							"key": "token",
							"value": "{{ACCESS_TOKEN}}",
							"type": "string"
						}
					]
				},
				"method": "POST",
				"header": [
					{
						"key": "Content-Type",
						"name": "Content-Type",
						"type": "text",
						"value": "application/json"
					}
				],
				"body": {
					"mode": "raw",
					"raw": "{\n    \"name\": \"Example recruiting event 2\",\n    \"link\": \"http://example.com/\",\n    \"virtual_link\": \"https://zoom.com/example-link\",\n    \"invite_only\": true,\n    \"event_start\": \"2020-04-01T07:00:00.000Z\",\n    \"event_end\": \"2020-08-01T07:00:00.000Z\",\n    \"description\": \"This is something about the event.\"\n}"
				},
				"url": {
					"raw": "{{BASE_URL}}/admin/recruiting-events",
					"host": [
						"{{BASE_URL}}"
					],
					"path": [
						"admin",
						"recruiting-events"
					]
				},
				"description": "Adds a new recruiting event."
			},
			"response": []
		},
		{
			"name": "Update recruiting event",
			"request": {
				"auth": {
					"type": "bearer",
					"bearer": [
						{
							"key": "token",
							"value": "{{ACCESS_TOKEN}}",
							"type": "string"
						}
					]
				},
				"method": "PUT",
				"header": [
					{
						"key": "Content-Type",
						"name": "Content-Type",
						"type": "text",
						"value": "application/json"
					}
				],
				"body": {
					"mode": "raw",
					"raw": "{\n    \"name\": \"Example recruiting event 10\",\n    \"link\": \"http://example.com/\",\n    \"virtual_link\": \"https://zoom.com/example-link\",\n    \"invite_only\": false,\n    \"event_start\": \"2020-04-01T07:00:00.000Z\",\n    \"event_end\": \"2020-08-01T07:00:00.000Z\",\n    \"description\": \"This is something about the new event.\"\n}"
				},
				"url": {
					"raw": "{{BASE_URL}}/admin/recruiting-events/example-event-1",
					"host": [
						"{{BASE_URL}}"
					],
					"path": [
						"admin",
						"recruiting-events",
						"example-event-1"
					]
				},
				"description": "Updates an existing recruiting event."
			},
			"response": []
		},
		{
			"name": "Delete recruiting event",
			"request": {
				"auth": {
					"type": "bearer",
					"bearer": [
						{
							"key": "token",
							"value": "{{ACCESS_TOKEN}}",
							"type": "string"
						}
					]
				},
				"method": "DELETE",
				"header": [],
				"url": {
					"raw": "{{BASE_URL}}/admin/recruiting-events/example-recruiting-event-10",
					"host": [
						"{{BASE_URL}}"
					],
					"path": [
						"admin",
						"recruiting-events",
						"example-recruiting-event-10"
					]
				},
				"description": "Deletes an existing recruiting event."
			},
			"response": []
		}
	]
}